,CCODE,STATE,REG_START,REG_END,REG_PARTY,REG_REINST,ELITE_NAME,ELITE_BIRTHDATE,ELITE_DEATHDATE,ELITE_FEMALE,ELITE_REENTER,ELITE_REEXIT,ELITE_CANDENTER,ELITE_CANDEXIT,ELITE_MEMENTER,ELITE_MEMEXIT,ELITE_RETENURE,ELITE_ENTERAGE,ELITE_EXITAGE,ELITE_EXITTYPE,ELITE_EXITFATE,ELITE_EXITLEADER,ELITE_OCCUPATION,ELITE_ETHNICITY
0,365,Soviet Union,1922/12/30,1991-08-24,Communist Party of the Soviet Union (KPSS),Politburo/Presidium,"Aliyev, Geydar",1923/05/10,2003/12/12,0,1976/03/05,1987/10/21,1976-03-05 00:00:00,1982-11-22 00:00:00,1982-11-22 00:00:00,1987-10-21 00:00:00,11.635616438356164,52.85753424657534,64.4931506849315,Resignation,No Punishment,Gorbachev,State security,Azeri
1,365,Soviet Union,1922/12/30,1991-08-24,Communist Party of the Soviet Union (KPSS),Politburo/Presidium,"Andreyev, Andrei Andreevich",1895/10/30,1971/12/05,0,1926/07/23,1952/10/05,1926-07-23 00:00:00,1934-02-10 00:00:00,1934-02-10 00:00:00,1952-10-05 00:00:00,26.221917808219178,32.15616438,56.96986301,Demotion,No Punishment,Stalin,Trade unionist,Russian
2,365,Soviet Union,1922/12/30,1991-08-24,Communist Party of the Soviet Union (KPSS),Politburo/Presidium,"Andrianov, Vasily Mikhailovich",1902/03/21,1978/10/03,0,1952/10/16,1953/03/06,,,1952-10-16 00:00:00,1953-03-06 00:00:00,0.3863013698630137,50.608219178082194,50.99452054794521,Demotion,No Punishment,Malenkov,Railway worker,Russian
3,365,Soviet Union,1922/12/30,1991-08-24,Communist Party of the Soviet Union (KPSS),Politburo/Presidium,"Andropov, Yuri Vladimirovich",1914/06/15,1984/02/09,0,1967/06/21,1984/02/09,1967-06-21 00:00:00,1973-04-27 00:00:00,1973-04-27 00:00:00,1984-02-09 00:00:00,16.649315068493152,53.05205479452055,69.7013698630137,Death,,Andropov,Party functionary,Russian
4,365,Soviet Union,1922/12/30,1991-08-24,Communist Party of the Soviet Union (KPSS),Politburo/Presidium,"Aristov, Averky Borisovich",1903/10/22,1973/07/11,0,1952/10/16,1953/03/06,,,1952-10-16 00:00:00,1953-03-06 00:00:00,0.3863013698630137,49.01917808219178,49.40547945205479,Demotion,No Punishment,Malenkov,Fishery worker,Russian
5,365,Soviet Union,1922/12/30,1991-08-24,Communist Party of the Soviet Union (KPSS),Politburo/Presidium,"Aristov, Averky Borisovich",1903/10/22,1973/07/11,0,1957/06/29,1961/10/31,,,1957-06-29 00:00:00,1961-10-31 00:00:00,4.342465753424658,53.723287671232875,58.06575342465754,Demotion,No Punishment,Khrushchev,Fishery worker,Russian
6,365,Soviet Union,1922/12/30,1991-08-24,Communist Party of the Soviet Union (KPSS),Politburo/Presidium,"Bagirov, Mir",1896/09/17,1956/05/07,0,1953/03/06,1953/07/07,1953-03-06 00:00:00,1953-07-07 00:00:00,,,0.336986301369863,56.5013986,56.83835616,Expulsion,Execution,Malenkov,Teacher,Azeri
7,365,Soviet Union,1922/12/30,1991-08-24,Communist Party of the Soviet Union (KPSS),Politburo/Presidium,"Belyaev, Nikolai Ilyich",1903/02/01,1966/10/28,0,1957/07/29,1960/05/04,,,1957-07-29 00:00:00,1960-05-04 00:00:00,2.767123287671233,54.52602739726027,57.293150684931504,Demotion,No Punishment,Khrushchev,Party functionary,Russian
8,365,Soviet Union,1922/12/30,1991-08-24,Communist Party of the Soviet Union (KPSS),Politburo/Presidium,"Bauman, Karl Yanovich",1892/08/17,1937/10/14,0,1929/04/29,1930/07/13,1929-04-29 00:00:00,1930-07-13 00:00:00,,,1.2054794520547945,36.72054795,37.9260274,Demotion,No Punishment,Stalin,Party functionary,Latvian
9,365,Soviet Union,1922/12/30,1991-08-24,Communist Party of the Soviet Union (KPSS),Politburo/Presidium,"Beria, Lavrentiy Pavlovich",1899/03/29,1953/12/23,0,1939/03/22,1953/07/07,1939-03-22 00:00:00,1946-03-18 00:00:00,1946-03-18 00:00:00,1953-07-07 00:00:00,14.304109589041095,30.0,54.30958904,Expulsion,Execution,Malenkov,State security,Georgian
10,365,Soviet Union,1922/12/30,1991-08-24,Communist Party of the Soviet Union (KPSS),Politburo/Presidium,"Biryukova, Aleksandra Pavlovna",1929/02/25,2008/02/20,1,1988/09/30,1990/07/14,1988-09-30 00:00:00,1990-07-14 00:00:00,,,1.7863013698630137,59.635616438356166,61.42191780821918,Demotion,No Punishment,Gorbachev,Trade unionist,Russian
11,365,Soviet Union,1922/12/30,1991-08-24,Communist Party of the Soviet Union (KPSS),Politburo/Presidium,"Brezhnev, Leonid Ilyich",1906/12/19,1982/11/10,0,1952/10/16,1953/03/06,1952-10-16 00:00:00,1953-03-06 00:00:00,,,0.3863013698630137,45.85753424657534,46.24383561643835,Demotion,No Punishment,Malenkov,Metallurgical engineer,Russian
12,365,Soviet Union,1922/12/30,1991-08-24,Communist Party of the Soviet Union (KPSS),Politburo/Presidium,"Brezhnev, Leonid Ilyich",1906/12/19,1982/11/10,0,1956/02/27,1982/11/10,1956-02-27 00:00:00,1957-06-29 00:00:00,1957-06-29 00:00:00,1982-11-10 00:00:00,26.720547945205478,49.224657534246575,75.94520547945206,Death,,Brezhnev,Metallurgical engineer,Russian
13,365,Soviet Union,1922/12/30,1991-08-24,Communist Party of the Soviet Union (KPSS),Politburo/Presidium,"Bukharin, Nikolai Ivanovich",1888/10/09,1938/03/15,0,1922/12/30,1929/11/17,2022-12-30 00:00:00,1924-05-23 00:00:00,1924-06-02 00:00:00,1929-11-17 00:00:00,6.887671232876713,34.07671233,41.13150685,Demotion,No Punishment,Stalin,Newspaper editor,Russian
14,365,Soviet Union,1922/12/30,1991-08-24,Communist Party of the Soviet Union (KPSS),Politburo/Presidium,"Bukharin, Nikolai Ivanovich",1895/06/11,1975/02/24,0,1946/03/18,1958/09/05,1946-03-18 00:00:00,1948-03-18 00:00:00,1948-03-18 00:00:00,1958-09-05 00:00:00,12.476712328767123,50.8,63.27671233,Resignation,No Punishment,Khrushchev,Newspaper editor,Russian
15,365,Soviet Union,1922/12/30,1991-08-24,Communist Party of the Soviet Union (KPSS),Politburo/Presidium,"Burokevičius, Mykolas",1927/10/07,2016/01/20,0,1990/07/14,1991/08/24,,,1990-07-14 00:00:00,1991-08-24 00:00:00,1.1123287671232878,62.81095890410959,63.92328767123288,Regime Change,,,Machinist,Lithuanian
16,365,Soviet Union,1922/12/30,1991-08-24,Communist Party of the Soviet Union (KPSS),Politburo/Presidium,"Chebrikov, Viktor Mikhailovich",1923/04/27,1999/07/02,0,1983/12/26,1989/09/20,1983-12-26 00:00:00,1985-04-23 00:00:00,1985-04-23 00:00:00,1989-09-20 00:00:00,5.739726027397261,60.706849315068496,66.44657534246575,Resignation,No Punishment,Gorbachev,Party functionary,Ukrainian
17,365,Soviet Union,1922/12/30,1991-08-24,Communist Party of the Soviet Union (KPSS),Politburo/Presidium,"Chernenko, Konstantin Ustinovich",1911/09/24,1985/03/10,0,1977/10/03,1985/03/10,1977-10-03 00:00:00,1978-11-27 00:00:00,1978-11-27 00:00:00,1985-03-10 00:00:00,7.438356164383562,66.07123287671233,73.5095890410959,Death,,Chernenko,Party functionary,Russian
18,365,Soviet Union,1922/12/30,1991-08-24,Communist Party of the Soviet Union (KPSS),Politburo/Presidium,"Chesnokov, Dmitry Ivanovich",1910/10/25,1973/09/17,0,1952/10/16,1953/03/06,,,1952-10-16 00:00:00,1953-03-06 00:00:00,0.3863013698630137,42.00547945205479,42.391780821917806,Demotion,No Punishment,Malenkov,Academic lecturer,Russian
19,365,Soviet Union,1922/12/30,1991-08-24,Communist Party of the Soviet Union (KPSS),Politburo/Presidium,"Chubar, Vlas Yakovlevich",1891/02/22,1936/02/26,0,1926/11/03,1938/06/16,1926-11-03 00:00:00,1938-06-16 00:00:00,,,11.624657534246575,35.71780822,47.34246575,Expulsion,Execution,Stalin,Party functionary,Ukrainian
20,365,Soviet Union,1922/12/30,1991-08-24,Communist Party of the Soviet Union (KPSS),Politburo/Presidium,"Demichev, Petr Nikovich",1917/12/21,2010/08/10,0,1964/11/16,1988/09/30,1964-11-16 00:00:00,1988-09-30 00:00:00,,,23.887671232876713,46.93698630136986,70.82465753424657,Resignation,No Punishment,Gorbachev,Mechanican engineer,Russian
21,365,Soviet Union,1922/12/30,1991-08-24,Communist Party of the Soviet Union (KPSS),Politburo/Presidium,"Dolgikh, Vladimir Ivanovich",1924/12/05,NaT,0,1982/05/24,1988/09/30,1982-05-24 00:00:00,1988-09-30 00:00:00,,,6.358904109589041,57.50410958904109,63.863013698630134,Resignation,No Punishment,Gorbachev,Engineer,Russian
22,365,Soviet Union,1922/12/30,1991-08-24,Communist Party of the Soviet Union (KPSS),Politburo/Presidium,"Dzasokhov, Alexander Sergeyevich",1934/04/03,NaT,0,1990/07/14,1991/08/24,,,1990-07-14 00:00:00,1991-08-24 00:00:00,1.1123287671232878,56.31780821917808,57.43013698630137,Regime Change,,,Railway worker,Ossetian
23,365,Soviet Union,1922/12/30,1991-08-24,Communist Party of the Soviet Union (KPSS),Politburo/Presidium,"Dzerzhinsky, Feliks Edmundovich",1877/09/11,2026/07/20,0,1924/06/02,1926/07/20,2024-06-02 00:00:00,2026-07-20 00:00:00,,,2.1315068493150684,46.75342466,48.88493151,Death,,Stalin,State security,Polish
24,365,Soviet Union,1922/12/30,1991-08-24,Communist Party of the Soviet Union (KPSS),Politburo/Presidium,"Yefremov, Leonid Nikolaevich",1912/05/25,2007/06/24,0,1962/11/23,1966/04/08,1962-11-23 00:00:00,1966-04-08 00:00:00,,,3.3753424657534246,50.53150684931507,53.90684931506849,Demotion,No Punishment,Brezhnev,Party functionary,Russian
25,365,Soviet Union,1922/12/30,1991-08-24,Communist Party of the Soviet Union (KPSS),Politburo/Presidium,"Eykhe, Robert Indrikovich",1890/08/12,1940/02/02,0,1935/02/01,1938/12/01,1935-02-01 00:00:00,1938-12-01 00:00:00,,,3.8328767123287673,44.50136986,48.33424658,Expulsion,Execution,Stalin,Party functionary,Latvian
26,365,Soviet Union,1922/12/30,1991-08-24,Communist Party of the Soviet Union (KPSS),Politburo/Presidium,"Frolov, Konstantin Vasil'evich",1929/09/01,1999/11/18,0,1990/07/14,1991/08/24,,,1990-07-14 00:00:00,1991-08-23 00:00:00,1.1123287671232878,60.90684931506849,62.01917808219178,Regime Change,,,Academic director,Russian
27,365,Soviet Union,1922/12/30,1991-08-24,Communist Party of the Soviet Union (KPSS),Politburo/Presidium,"Frunze, Mikhail Vasil'evich",1885/02/02,1925/10/31,0,1924/06/02,1925/10/31,1924-06-02 00:00:00,1925-10-31 00:00:00,,,1.4136986301369863,39.35616438,40.76986301,Death,,Stalin,Soldier,Romanian/Russian
28,365,Soviet Union,1922/12/30,1991-08-24,Communist Party of the Soviet Union (KPSS),Politburo/Presidium,"Furtseva, Yekaterina Aleksevna",1910/12/07,1974/10/24,1,1956/02/27,1961/10/31,1956-02-27 00:00:00,1957-06-29 00:00:00,1957-06-29 00:00:00,1961-10-31 00:00:00,5.67945205479452,45.25479452054795,50.93424657534246,Demotion,No Punishment,Khrushchev,Party functionary,Russian
29,365,Soviet Union,1922/12/30,1991-08-24,Communist Party of the Soviet Union (KPSS),Politburo/Presidium,"Gorbachev, Mikhail Sergeyevich",1931/03/02,NaT,0,1979/11/27,1991/08/24,1979-11-27 00:00:00,1980-10-21 00:00:00,1980-10-21 00:00:00,1991-08-24 00:00:00,11.747945205479452,48.772602739726025,60.52054794520548,Regime Change,No Punishment,Gorbachev,Party functionary,Russian
30,365,Soviet Union,1922/12/30,1991-08-24,Communist Party of the Soviet Union (KPSS),Politburo/Presidium,"Grechko, Andrei Antonovich",1903/10/04,1976/04/26,0,1973/04/27,1976/04/26,,,1973-04-27 00:00:00,1976-04-26 00:00:00,3.0,69.6109589041096,72.6109589041096,Death,,Brezhnev,Soldier,Ukrainian
31,365,Soviet Union,1922/12/30,1991-08-24,Communist Party of the Soviet Union (KPSS),Politburo/Presidium,"Grishin, Viktor Vasil'evich",1914/09/18,1992/05/25,0,1961/10/31,1986/02/18,1961-10-31 00:00:00,1971-04-09 00:00:00,1971-04-09 00:00:00,1986-02-18 00:00:00,24.317808219178083,47.15068493150685,71.46849315068494,Resignation,No Punishment,Gorbachev,Train driver,Russian
32,365,Soviet Union,1922/12/30,1991-08-24,Communist Party of the Soviet Union (KPSS),Politburo/Presidium,"Gromyko, Andrei Andreevich",1909/07/18,1989/07/02,0,1973/04/27,1988/09/30,,,1973-04-27 00:00:00,1988-09-30 00:00:00,15.438356164383562,63.81917808219178,79.25753424657535,Resignation,No Punishment,Gorbachev,Diplomat,Russian
33,365,Soviet Union,1922/12/30,1991-08-24,Communist Party of the Soviet Union (KPSS),Politburo/Presidium,"Gumbaridze, Givi Grigor'evich",1945/03/22,NaT,0,1990/07/14,1991/01/31,,,1990-07-14 00:00:00,1991-01-31 00:00:00,0.5506849315068493,45.342465753424655,45.893150684931506,Resignation,No Punishment,Gorbachev,State security,Georgian
34,365,Soviet Union,1922/12/30,1991-08-24,Communist Party of the Soviet Union (KPSS),Politburo/Presidium,"Hurenko, Stanislav Ivanovich",1936/05/30,2013/04/14,0,1990/07/14,1991/08/24,,,1990-07-14 00:00:00,1991-08-24 00:00:00,1.1123287671232878,54.15890410958904,55.271232876712325,Regime Change,,,Process engineer,Ukrainian
35,365,Soviet Union,1922/12/30,1991-08-24,Communist Party of the Soviet Union (KPSS),Politburo/Presidium,"Ignatov, Nikolay Grigor'evich",1901/05/03,1966/11/14,0,1952/10/16,1953/03/06,1952-10-16 00:00:00,1953-03-06 00:00:00,,,0.3863013698630137,51.49041095890411,51.87671232876713,Demotion,No Punishment,Malenkov,Party functionary,Russian
36,365,Soviet Union,1922/12/30,1991-08-24,Communist Party of the Soviet Union (KPSS),Politburo/Presidium,"Ignatov, Nikolay Grigor'evich",1901/05/03,1966/11/14,0,1957/06/29,1961/10/31,,,1957-06-29 00:00:00,1961-10-31 00:00:00,4.342465753424658,56.1945205479452,60.536986301369865,Demotion,No Punishment,Khrushchev,Party functionary,Russian
37,365,Soviet Union,1922/12/30,1991-08-24,Communist Party of the Soviet Union (KPSS),Politburo/Presidium,"Ignat'ev, Semen Denisovich",1904/09/14,1983/11/27,0,1952/10/17,1953/03/06,1952-10-17 00:00:00,1953-03-06 00:00:00,,,0.3835616438356164,48.12328767123287,48.50684931506849,Demotion,No Punishment,Malenkov,Party functionary,Ukrainian
38,365,Soviet Union,1922/12/30,1991-08-24,Communist Party of the Soviet Union (KPSS),Politburo/Presidium,"Ivashko, Vladimir Antonovich",1932/10/28,1994/11/13,0,1989/12/09,1991/08/24,,,1989-12-09 00:00:00,1991-08-24 00:00:00,1.7068493150684931,57.153424657534245,58.86027397260274,Regime Change,,,Mining engineer,Ukrainian
39,365,Soviet Union,1922/12/30,1991-08-24,Communist Party of the Soviet Union (KPSS),Politburo/Presidium,"Kabanov, Ivan Grigorievich",1898/01/22,1972/07/02,0,1952/10/16,1953/03/06,1952-10-16 00:00:00,1953-03-05 00:00:00,,,0.3863013698630137,54.76986301,55.15616438,Demotion,No Punishment,Malenkov,Soldier,Russian
40,365,Soviet Union,1922/12/30,1991-08-24,Communist Party of the Soviet Union (KPSS),Politburo/Presidium,"Kaganovich, Lazar Moisevich",1893/11/22,1991/07/25,0,1926/07/23,1957/06/29,1926-07-23 00:00:00,1930-07-13 00:00:00,1930-07-13 00:00:00,1957-06-29 00:00:00,30.956164383561642,32.68767123,63.64383562,Expulsion,No Punishment,Khrushchev,Party functionary,Jewish/Russian
41,365,Soviet Union,1922/12/30,1991-08-24,Communist Party of the Soviet Union (KPSS),Politburo/Presidium,"Kalinin, Mikhail Ivanovich",1875/11/19,1946/06/03,0,1922/12/30,1946/06/03,1922-12-30 00:00:00,1926-01-01 00:00:00,1926-01-01 00:00:00,1946-06-03 00:00:00,23.44109589041096,47.14520548,70.58630137,Resignation,No Punishment,Stalin,Party functionary,Russian
42,365,Soviet Union,1922/12/30,1991-08-24,Communist Party of the Soviet Union (KPSS),Politburo/Presidium,"Kalnberzin, Yan (Janis Kalnbērzinš)",1893/09/17,1986/02/04,0,1957/06/29,1961/10/31,1957-06-29 00:00:00,1961-10-31 00:00:00,,,4.342465753424658,63.82465753,68.16712329,Demotion,No Punishment,Khrushchev,Dockworker,Latvian
43,365,Soviet Union,1922/12/30,1991-08-24,Communist Party of the Soviet Union (KPSS),Politburo/Presidium,"Kamenev, Lev Borisovich",1883/07/18,1936/08/25,0,1922/12/30,1926/10/23,1926-01-01 00:00:00,1926-10-23 00:00:00,2022-12-30 00:00:00,1926-01-01 00:00:00,3.8164383561643835,39.47945205,43.29589041,Expulsion,No Punishment,Stalin,Union organizer,Jewish/Russian
44,365,Soviet Union,1922/12/30,1991-08-24,Communist Party of the Soviet Union (KPSS),Politburo/Presidium,"Karimov, Islam Abduganievich",1938/01/30,2016/09/02,0,1990/07/14,1991/08/24,,,1990-07-14 00:00:00,1991-08-24 00:00:00,1.1123287671232878,52.487671232876714,53.6,Regime Change,,,Engineer,Uzbek
45,365,Soviet Union,1922/12/30,1991-08-24,Communist Party of the Soviet Union (KPSS),Politburo/Presidium,"Khrushchev, Nikita Sergeyevich",1894/04/15,1971/09/11,0,1938/01/14,1964/10/14,,,1938-01-14 00:00:00,1964-10-14 00:00:00,26.767123287671232,43.78082192,70.54794521,Resignation,No Punishment,Brezhnev,Mechanic,Russian
46,365,Soviet Union,1922/12/30,1991-08-24,Communist Party of the Soviet Union (KPSS),Politburo/Presidium,"Kirichenko, Aleksey Illarionovich",1908/02/12,1975/12/28,0,1953/06/06,1960/05/04,1953-06-06 00:00:00,1955-07-12 00:00:00,1955-07-12 00:00:00,1960-05-04 00:00:00,6.9150684931506845,45.345205479452055,52.26027397260274,Demotion,No Punishment,Khrushchev,Party functionary,Ukrainian
47,365,Soviet Union,1922/12/30,1991-08-24,Communist Party of the Soviet Union (KPSS),Politburo/Presidium,"Kirilenko, Andrei Pavlovich",1906/09/08,1990/05/12,0,1957/06/29,1982/11/22,1957-06-29 00:00:00,1961-10-31 00:00:00,1962-04-23 00:00:00,1982-11-22 00:00:00,25.416438356164385,50.84109589041096,76.25753424657535,Resignation,No Punishment,Andropov,Fitter,Russian
48,365,Soviet Union,1922/12/30,1991-08-24,Communist Party of the Soviet Union (KPSS),Politburo/Presidium,"Kirov, Sergey Mionovich",1886/03/27,1934/12/01,0,1926/07/23,1934/12/01,1926-07-23 00:00:00,1930-07-13 00:00:00,1930-07-13 00:00:00,1934-12-01 00:00:00,8.364383561643836,40.35068493,48.71506849,Death,,Stalin,Engineer,Russian
49,365,Soviet Union,1922/12/30,1991-08-24,Communist Party of the Soviet Union (KPSS),Politburo/Presidium,"Kisilev, Tikhon Yakovlevich",1917/07/30,1983/01/11,0,1980/10/21,1983/01/11,1980-10-21 00:00:00,1983-01-11 00:00:00,,,2.2246575342465755,63.271232876712325,65.4958904109589,Death,,Andropov,Teacher,Belorussian
50,365,Soviet Union,1922/12/30,1991-08-24,Communist Party of the Soviet Union (KPSS),Politburo/Presidium,"Korotchenko, Demyan Sergeevich",1894/11/29,1969/04/07,0,1952/10/16,1953/03/06,,,1952-10-16 00:00:00,1953-03-06 00:00:00,0.3863013698630137,57.92054795,58.30684932,Demotion,No Punishment,Malenkov,Party functionary,Ukrainian
51,365,Soviet Union,1922/12/30,1991-08-24,Communist Party of the Soviet Union (KPSS),Politburo/Presidium,"Korotchenko, Demyan Sergeevich",1894/11/29,1969/04/07,0,1957/06/29,1961/10/31,,,1957-06-29 00:00:00,1961-10-31 00:00:00,4.342465753424658,62.62465753,66.96712329,Demotion,No Punishment,Khrushchev,Party functionary,Ukrainian
52,365,Soviet Union,1922/12/30,1991-08-24,Communist Party of the Soviet Union (KPSS),Politburo/Presidium,"Kosior, Stanislav Vikent'evich",1889/11/18,1939/02/26,0,1927/12/19,1938/01/01,1927-12-19 00:00:00,1930-07-13 00:00:00,1930-07-13 00:00:00,1938-01-01 00:00:00,10.043835616438356,38.10958904,48.15342466,Expulsion,Execution,Stalin,Worker,Polish
53,365,Soviet Union,1922/12/30,1991-08-24,Communist Party of the Soviet Union (KPSS),Politburo/Presidium,"Kosygin, Aleksey Nikolaevich",1904/02/21,1980/12/18,0,1946/03/18,1953/03/05,"3/18/46, 10/16/52","9/4/48, 3/5/53",1948-09-04 00:00:00,1952-10-16 00:00:00,6.96986301369863,42.0986301369863,49.06849315068493,Demotion,No Punishment,Malenkov,Technical worker,Russian
54,365,Soviet Union,1922/12/30,1991-08-24,Communist Party of the Soviet Union (KPSS),Politburo/Presidium,"Kosygin, Aleksey Nikolaevich",1904/02/21,1980/12/18,0,1957/06/29,1980/10/21,1957-06-29 00:00:00,1960-05-04 00:00:00,1960-05-04 00:00:00,1980-10-21 00:00:00,23.328767123287673,53.38904109589041,76.71780821917808,Resignation,No Punishment,Brezhnev,Technical worker,Russian
55,365,Soviet Union,1922/12/30,1991-08-24,Communist Party of the Soviet Union (KPSS),Politburo/Presidium,"Kozlov, Frol Romanovich",1908/08/18,1965/01/30,0,1957/02/14,1964/11/16,1957-02-14 00:00:00,1957-06-29 00:00:00,1957-06-29 00:00:00,1964-11-16 00:00:00,7.758904109589041,48.52602739726027,56.28493150684932,Demotion,No Punishment,Brezhnev,Party functionary,Russian
56,365,Soviet Union,1922/12/30,1991-08-24,Communist Party of the Soviet Union (KPSS),Politburo/Presidium,"Kryuchkov, Vladimir Alexandrovich",1924/02/29,2007/12/23,0,1989/09/20,1990/07/14,,,1989-09-20 00:00:00,1990-07-14 00:00:00,0.8136986301369863,65.6027397260274,66.41643835616438,Demotion,No Punishment,Gorbachev,Lawyer,Russian
57,365,Soviet Union,1922/12/30,1991-08-24,Communist Party of the Soviet Union (KPSS),Politburo/Presidium,"Kulakov, Fyodor Davidovich",1918/02/04,1978/07/17,0,1971/04/09,1978/07/17,,,1971-04-09 00:00:00,1978-07-17 00:00:00,7.276712328767124,53.21095890410959,60.487671232876714,Death,,Brezhnev,Agronomist,Russian
58,365,Soviet Union,1922/12/30,1991-08-24,Communist Party of the Soviet Union (KPSS),Politburo/Presidium,"Kunaev, Dinmukhamed Akhmedovich",1912/01/12,1993/08/22,0,1966/04/08,1987/01/28,1966-04-08 00:00:00,1971-04-09 00:00:00,1971-04-09 00:00:00,1987-01-28 00:00:00,20.82191780821918,54.273972602739725,75.0958904109589,Resignation,No Punishment,Gorbachev,Metalurgist,Kazakh
59,365,Soviet Union,1922/12/30,1991-08-24,Communist Party of the Soviet Union (KPSS),Politburo/Presidium,"Kuusinen, Otto Vil'gel'movich",1881/10/04,1964/05/17,0,1952/10/16,1953/03/06,,,1952-10-16 00:00:00,1953-03-06 00:00:00,0.3863013698630137,71.08219178,71.46849315,Demotion,No Punishment,Malenkov,Party functionary,Finnish
60,365,Soviet Union,1922/12/30,1991-08-24,Communist Party of the Soviet Union (KPSS),Politburo/Presidium,"Kuusinen, Otto Vil'gel'movich",1881/10/04,1964/05/17,0,1957/06/29,1964/05/17,,,1957-06-29 00:00:00,1964-05-17 00:00:00,6.887671232876713,75.78630137,82.6739726,Death,,Khrushchev,Party functionary,Finnish
61,365,Soviet Union,1922/12/30,1991-08-24,Communist Party of the Soviet Union (KPSS),Politburo/Presidium,"Kuybyshev, Valeryan Vladimirovich",1888/06/06,1935/01/25,0,1927/12/19,1935/01/25,,,1927-12-19 00:00:00,1935-01-25 00:00:00,7.1068493150684935,39.56164384,46.66849315,Death,,Stalin,Economic administrator,Russian
62,365,Soviet Union,1922/12/30,1991-08-24,Communist Party of the Soviet Union (KPSS),Politburo/Presidium,"Kuznetsov, Vasiliy Vasil'evich",1901/02/13,1990/06/05,0,1952/10/16,1953/03/06,,,1952-10-16 00:00:00,1953-03-06 00:00:00,0.3863013698630137,51.706849315068496,52.09315068493151,Demotion,No Punishment,Malenkov,Trade unionist,Russian
63,365,Soviet Union,1922/12/30,1991-08-24,Communist Party of the Soviet Union (KPSS),Politburo/Presidium,"Kuznetsov, Vasiliy Vasil'evich",1901/02/13,1990/06/05,0,1977/10/03,1986/03/06,1977-10-03 00:00:00,1986-03-06 00:00:00,,,8.427397260273972,76.68767123287671,85.11506849315069,Resignation,No Punishment,Gorbachev,Trade unionist,Russian
64,365,Soviet Union,1922/12/30,1991-08-24,Communist Party of the Soviet Union (KPSS),Politburo/Presidium,"Lenin, Vladimir Il'ich",1870/04/22,1924/01/21,0,1922/12/30,1924/01/21,,,2017-10-23 00:00:00,2024-01-21 00:00:00,1.0602739726027397,52.7260274,53.78630137,Death,,Lenin,Party functionary,Russian
65,365,Soviet Union,1922/12/30,1991-08-24,Communist Party of the Soviet Union (KPSS),Politburo/Presidium,"Ligachev, Yegor Kuz'mich",1920/12/29,NaT,0,1985/04/23,1990/07/14,,,1985-04-23 00:00:00,1990-07-14 00:00:00,5.227397260273973,64.35890410958905,69.58630136986301,Demotion,No Punishment,Gorbachev,Engineer,Russian
66,365,Soviet Union,1922/12/30,1991-08-24,Communist Party of the Soviet Union (KPSS),Politburo/Presidium,"Luchinsky, Petr Kirillovich",1940/01/27,NaT,0,1990/07/14,1991/08/24,,,1990-07-14 00:00:00,1991-08-24 00:00:00,1.1123287671232878,50.49589041095891,51.608219178082194,Regime Change,,,Party functionary,Moldovan
67,365,Soviet Union,1922/12/30,1991-08-24,Communist Party of the Soviet Union (KPSS),Politburo/Presidium,"Lukyanov, Anatoly Ivanovich",1930/05/07,2019/01/09,0,1988/09/30,1990/07/14,1988-09-30 00:00:00,1990-07-14 00:00:00,,,1.7863013698630137,58.441095890410956,60.227397260273975,Demotion,No Punishment,Gorbachev,Laywer,Russian
68,365,Soviet Union,1922/12/30,1991-08-24,Communist Party of the Soviet Union (KPSS),Politburo/Presidium,"Makhkamov, Kakhar Makhamovich",1932/04/16,2016/06/08,0,1990/07/14,1991/08/24,,,1990-07-14 00:00:00,1991-08-24 00:00:00,1.1123287671232878,58.28219178082192,59.394520547945206,Regime Change,,,Mining engineer,Tajik
69,365,Soviet Union,1922/12/30,1991-08-24,Communist Party of the Soviet Union (KPSS),Politburo/Presidium,"Malenkov, Georgy Maximilianovich",1902/01/08,1988/01/14,0,1941/02/21,1957/06/29,1941-02-21 00:00:00,1946-03-18 00:00:00,1946-03-18 00:00:00,1957-06-29 00:00:00,16.361643835616437,39.14794520547945,55.50958904109589,Expulsion,No Punishment,Khrushchev,Party functionary,Russian
70,365,Soviet Union,1922/12/30,1991-08-24,Communist Party of the Soviet Union (KPSS),Politburo/Presidium,"Malychev, Vyacheslav Aleksandrovich",1902/12/03,1957/02/20,0,1952/10/16,1953/03/06,,,1952-10-16 00:00:00,1953-03-06 00:00:00,0.3863013698630137,49.9041095890411,50.29041095890411,Demotion,No Punishment,Malenkov,Railway worker,Russian
71,365,Soviet Union,1922/12/30,1991-08-24,Communist Party of the Soviet Union (KPSS),Politburo/Presidium,"Masaliev, Absamat Masaliyevich",1933/04/10,2004/07/31,0,1990/07/14,1991/04/25,,,1990-07-14 00:00:00,1991-04-25 00:00:00,0.7808219178082192,57.298630136986304,58.07945205479452,Resignation,No Punishment,Gorbachev,Mining engineer,Kyrgyz
72,365,Soviet Union,1922/12/30,1991-08-24,Communist Party of the Soviet Union (KPSS),Politburo/Presidium,"Masherov, Petr Mironovich",1918/02/26,1980/10/04,0,1966/04/08,1980/10/04,1966-04-08 00:00:00,1980-10-04 00:00:00,,,14.501369863013698,48.14520547945205,62.64657534246575,Death,,Brezhnev,Teacher,Belorussian
73,365,Soviet Union,1922/12/30,1991-08-24,Communist Party of the Soviet Union (KPSS),Politburo/Presidium,"Maslyukov, Yuriy Dmitrievich",1937/09/30,2010/04/01,0,1988/02/18,1990/07/14,1988-02-18 00:00:00,1989-09-20 00:00:00,1989-09-20 00:00:00,1990-07-14 00:00:00,2.4027397260273973,50.41917808219178,52.821917808219176,Demotion,No Punishment,Gorbachev,Engineer,Russian
74,365,Soviet Union,1922/12/30,1991-08-24,Communist Party of the Soviet Union (KPSS),Politburo/Presidium,"Mazurov, Kirill Trofimovich",1914/03/25,1989/12/19,0,1957/06/29,1978/11/28,1957-06-29 00:00:00,1965-03-26 00:00:00,1965-03-26 00:00:00,1978-11-28 00:00:00,21.43013698630137,43.293150684931504,64.72328767123288,Resignation,No Punishment,Brezhnev,Party functionary,Belorussian
75,365,Soviet Union,1922/12/30,1991-08-24,Communist Party of the Soviet Union (KPSS),Politburo/Presidium,"Medvedev, Vadim Andreevich",1929/03/29,1988/03/02,0,1988/09/30,1990/07/14,,,1988-09-30 00:00:00,1990-07-14 00:00:00,1.7863013698630137,59.54794520547945,61.33424657534247,Demotion,No Punishment,Gorbachev,University lecturer,Russian
76,365,Soviet Union,1922/12/30,1991-08-24,Communist Party of the Soviet Union (KPSS),Politburo/Presidium,"Melnikov, Leonid Georgievich",1906/05/31,1981/04/16,0,1952/10/16,1953/06/06,1953-03-06 00:00:00,1953-06-06 00:00:00,1952-10-16 00:00:00,1953-03-06 00:00:00,0.6383561643835617,46.41095890410959,47.04931506849315,Demotion,No Punishment,Malenkov,Party functionary,Russian
77,365,Soviet Union,1922/12/30,1991-08-24,Communist Party of the Soviet Union (KPSS),Politburo/Presidium,"Mikhailov, Nikolai Alexandrovich",1906/10/10,1982/05/24,0,1952/10/16,1953/03/06,,,1952-10-16 00:00:00,1953-03-06 00:00:00,0.3863013698630137,46.04931506849315,46.43561643835616,Demotion,No Punishment,Malenkov,Factory worker,Russian
78,365,Soviet Union,1922/12/30,1991-08-24,Communist Party of the Soviet Union (KPSS),Politburo/Presidium,"Mikoyan, Anastas Ivanovich",1895/11/25,1978/10/21,0,1926/07/23,1966/04/08,1926-07-23 00:00:00,1935-02-01 00:00:00,1935-02-01 00:00:00,1966-04-08 00:00:00,39.73698630136986,30.67945205,70.41643836,Resignation,No Punishment,Brezhnev,Party functionary,Armenian
79,365,Soviet Union,1922/12/30,1991-08-24,Communist Party of the Soviet Union (KPSS),Politburo/Presidium,"Molotov, Vyacheslav Mikhaylovich",1890/03/09,1986/11/08,0,1922/12/30,1957/06/29,1922-12-30 00:00:00,1926-01-01 00:00:00,1926-01-01 00:00:00,1957-06-29 00:00:00,34.52054794520548,32.83287671,67.35342466,Expulsion,No Punishment,Khrushchev,Party functionary,Russian
80,365,Soviet Union,1922/12/30,1991-08-24,Communist Party of the Soviet Union (KPSS),Politburo/Presidium,"Movsisyan, Vladimir Migranovich",1933/11/12,2014/11/05,0,1990/07/14,1990/12/11,,,1990-07-14 00:00:00,1990-12-11 00:00:00,0.410958904109589,56.706849315068496,57.11780821917808,Resignation,No Punishment,Gorbachev,Agricultural scientist,Armenian
81,365,Soviet Union,1922/12/30,1991-08-24,Communist Party of the Soviet Union (KPSS),Politburo/Presidium,"Mukhitdinov, Nuritdin Akramovich",1917/11/19,2008/08/27,0,1956/02/27,1961/11/17,1956-02-27 00:00:00,1957-12-17 00:00:00,1957-12-17 00:00:00,1961-10-17 00:00:00,5.726027397260274,38.298630136986304,44.02465753424657,Demotion,No Punishment,Khrushchev,Soldier,Uzbek
82,365,Soviet Union,1922/12/30,1991-08-24,Communist Party of the Soviet Union (KPSS),Politburo/Presidium,"Mutalibov, Ayaz Niyazi Ogly",1938/05/12,NaT,0,1990/07/14,1991/08/24,,,1990-07-14 00:00:00,1991-08-24 00:00:00,1.1123287671232878,52.20821917808219,53.320547945205476,Regime Change,,,Engineer,Azeri
83,365,Soviet Union,1922/12/30,1991-08-24,Communist Party of the Soviet Union (KPSS),Politburo/Presidium,"Mzhavanadze, Vasiliy Pavlovich",1902/09/20,1988/09/05,0,1957/06/29,1972/12/18,1957-06-29 00:00:00,1972-12-18 00:00:00,,,15.482191780821918,54.81095890410959,70.2931506849315,Resignation,No Punishment,Brezhnev,Soldier,Georgian
84,365,Soviet Union,1922/12/30,1991-08-24,Communist Party of the Soviet Union (KPSS),Politburo/Presidium,"Nazarbaev, Nursultan Abishevich",1940/07/06,NaT,0,1990/07/14,1991/08/24,,,1990-07-14 00:00:00,1991-08-24 00:00:00,1.1123287671232878,50.054794520547944,51.16712328767123,Regime Change,,,Combine worker,Kazakh
85,365,Soviet Union,1922/12/30,1991-08-24,Communist Party of the Soviet Union (KPSS),Politburo/Presidium,"Nikonov, Viktor Petrovich",1929/02/28,1993/09/17,0,1987/06/26,1989/09/20,,,1987-06-26 00:00:00,1989-09-20 00:00:00,2.2383561643835614,58.36164383561644,60.6,Resignation,No Punishment,Gorbachev,Party functionary,Russian
86,365,Soviet Union,1922/12/30,1991-08-24,Communist Party of the Soviet Union (KPSS),Politburo/Presidium,"Niyazov, Saparmurad Ataevich",1940/02/19,2006/12/21,0,1990/07/14,1991/08/24,,,1990-07-14 00:00:00,1991-08-24 00:00:00,1.1123287671232878,50.43287671232877,51.54520547945206,Regime Change,,,Party functionary,Turkmen
87,365,Soviet Union,1922/12/30,1991-08-24,Communist Party of the Soviet Union (KPSS),Politburo/Presidium,"Orzhanikidze, Grigory (Sergo) Konstantinovich",1886/10/24,1937/02/18,0,1926/07/23,1926/11/03,1926-07-23 00:00:00,1926-11-03 00:00:00,,,0.2821917808219178,39.77260274,40.05479452,Resignation,No Punishment,Stalin,Economist,Georgian
88,365,Soviet Union,1922/12/30,1991-08-24,Communist Party of the Soviet Union (KPSS),Politburo/Presidium,"Orzhanikidze, Grigory (Sergo) Konstantinovich",1886/10/24,1937/02/18,0,1930/12/21,1937/02/18,,,1930-12-21 00:00:00,1937-02-18 00:00:00,6.167123287671233,44.1890411,50.35616438,Death,,Stalin,Economist,Georgian
89,365,Soviet Union,1922/12/30,1991-08-24,Communist Party of the Soviet Union (KPSS),Politburo/Presidium,"Patolichev, Nikolay Semenovich",1908/09/10,1989/12/01,0,1952/10/15,1953/03/06,1952-10-15 00:00:00,1953-03-06 00:00:00,,,0.38904109589041097,44.12602739726027,44.515068493150686,Demotion,No Punishment,Malenkov,Industrial administrator,Russian
90,365,Soviet Union,1922/12/30,1991-08-24,Communist Party of the Soviet Union (KPSS),Politburo/Presidium,"Pegov, Nikolay Mikhailovich",1905/04/16,1991/04/19,0,1952/10/16,1953/03/06,1952-10-16 00:00:00,1953-03-06 00:00:00,,,0.3863013698630137,47.534246575342465,47.92054794520548,Demotion,No Punishment,Malenkov,Industrial worker,Russian
91,365,Soviet Union,1922/12/30,1991-08-24,Communist Party of the Soviet Union (KPSS),Politburo/Presidium,"Pelše, Arvīd Yanovich",1899/02/07,1983/05/29,0,1966/04/08,1983/05/29,,,1966-04-08 00:00:00,1983-05-29 00:00:00,17.15068493150685,67.2109589,84.36164384,Death,,Andropov,Worker,Latvian
92,365,Soviet Union,1922/12/30,1991-08-24,Communist Party of the Soviet Union (KPSS),Politburo/Presidium,"Pervukhin, Mikhail Georg'evich",1904/10/14,1978/07/22,0,1952/10/16,1953/03/06,1952-10-16 00:00:00,1953-03-06 00:00:00,,,0.3863013698630137,48.038356164383565,48.42465753424658,Demotion,No Punishment,Malenkov,Electrical engineer,Russian
93,365,Soviet Union,1922/12/30,1991-08-24,Communist Party of the Soviet Union (KPSS),Politburo/Presidium,"Pervukhin, Mikhail Georg'evich",1904/10/14,1978/07/22,0,1957/06/29,1961/10/17,,,1957-06-29 00:00:00,1961-10-17 00:00:00,4.304109589041096,52.74246575342466,57.04657534246575,Demotion,No Punishment,Khrushchev,Electrical engineer,Russian
94,365,Soviet Union,1922/12/30,1991-08-24,Communist Party of the Soviet Union (KPSS),Politburo/Presidium,"Petrovsky, Grigory Ivanovich",1878/02/03,1958/01/09,0,1926/01/01,1939/03/22,1926-01-01 00:00:00,1939-03-22 00:00:00,,,13.227397260273973,47.94246575,61.16986301,Expulsion,No Punishment,Stalin,Factory worker,Russian
95,365,Soviet Union,1922/12/30,1991-08-24,Communist Party of the Soviet Union (KPSS),Politburo/Presidium,"Podgorny, Nikolay Viktorovich",1903/02/18,1983/01/12,0,1958/06/18,1977/05/24,1958-06-18 00:00:00,1960-05-04 00:00:00,1960-05-04 00:00:00,1977-05-24 00:00:00,18.945205479452056,55.367123287671234,74.31232876712329,Resignation,No Punishment,Brezhnev,Engineer,Ukrainian
96,365,Soviet Union,1922/12/30,1991-08-24,Communist Party of the Soviet Union (KPSS),Politburo/Presidium,"Polozkov, Ivan Kuz'mich",1935/02/16,NaT,0,1990/07/14,1991/08/24,,,1990-07-14 00:00:00,1991-08-24 00:00:00,1.1123287671232878,55.443835616438356,56.556164383561644,Regime Change,,,Party functionary,Russian
97,365,Soviet Union,1922/12/30,1991-08-24,Communist Party of the Soviet Union (KPSS),Politburo/Presidium,"Polyansky, Dmitriy Stepanovich",1917/10/25,2001/10/08,0,1958/06/18,1976/03/05,1958-06-18 00:00:00,1960-05-04 00:00:00,1960-05-04 00:00:00,1976-03-05 00:00:00,17.726027397260275,40.673972602739724,58.4,Demotion,No Punishment,Brezhnev,Farm worker,Russian
98,365,Soviet Union,1922/12/30,1991-08-24,Communist Party of the Soviet Union (KPSS),Politburo/Presidium,"Ponomarenko, Panteleimon Kondrat'evich",1902/08/09,1984/01/18,0,1952/10/16,1956/02/27,1953-03-06 00:00:00,1956-02-27 00:00:00,1952-10-16 00:00:00,1953-03-06 00:00:00,3.367123287671233,50.221917808219175,53.58904109589041,Demotion,No Punishment,Khrushchev,Party functionary,Belorussian
99,365,Soviet Union,1922/12/30,1991-08-24,Communist Party of the Soviet Union (KPSS),Politburo/Presidium,"Ponomarev, Boris Nikolaevich",1905/01/17,1995/12/21,0,1972/05/19,1986/03/06,1972-05-19 00:00:00,1986-03-06 00:00:00,,,13.805479452054794,67.38082191780822,81.18630136986302,Resignation,No Punishment,Gorbachev,Party functionary,Russian
100,365,Soviet Union,1922/12/30,1991-08-24,Communist Party of the Soviet Union (KPSS),Politburo/Presidium,"Pospelov, Petr Nikolaevich",1898/06/20,1979/04/22,0,1957/06/29,1961/10/31,1957-06-29 00:00:00,1961-10-31 00:00:00,,,4.342465753424658,59.06575342,63.40821918,Demotion,No Punishment,Khrushchev,Historian,Russian
101,365,Soviet Union,1922/12/30,1991-08-24,Communist Party of the Soviet Union (KPSS),Politburo/Presidium,"Postyshev, Pavel Petrovich",1887/09/18,1939/02/26,0,1934/02/10,1938/01/14,1934-02-10 00:00:00,1938-01-14 00:00:00,,,3.9287671232876713,46.43013699,50.35890411,Expulsion,Execution,Stalin,Electrician,Russian
102,365,Soviet Union,1922/12/30,1991-08-24,Communist Party of the Soviet Union (KPSS),Politburo/Presidium,"Primakov, Yevgeny Maksimovich",1929/10/29,2015/06/26,0,1989/09/20,1990/07/14,1989-09-20 00:00:00,1990-07-14 00:00:00,,,0.8136986301369863,59.93424657534246,60.74794520547945,Demotion,No Punishment,Gorbachev,Academic,Jewish/Ukrainian
103,365,Soviet Union,1922/12/30,1991-08-24,Communist Party of the Soviet Union (KPSS),Politburo/Presidium,"Prokofiev, Yuri Anatol'evich",1939/02/20,NaT,0,1990/07/14,1991/08/24,,,1990-07-14 00:00:00,1991-08-24 00:00:00,1.1123287671232878,51.43013698630137,52.54246575342466,Regime Change,,,Party functionary,Russian
104,365,Soviet Union,1922/12/30,1991-08-24,Communist Party of the Soviet Union (KPSS),Politburo/Presidium,"Pugo, Boris Karlovich",1937/02/19,1991/08/22,0,1989/09/20,1990/07/14,1989-09-20 00:00:00,1990-07-14 00:00:00,,,0.8136986301369863,52.61917808219178,53.43287671232877,Demotion,No Punishment,Gorbachev,Party functionary,Latvian
105,365,Soviet Union,1922/12/30,1991-08-24,Communist Party of the Soviet Union (KPSS),Politburo/Presidium,"Puzanov, Aleksandr Mikhaylovich",1906/10/12,1998/03/01,0,1952/10/16,1953/03/06,1952-10-16 00:00:00,1953-03-06 00:00:00,,,0.3863013698630137,46.04383561643836,46.43013698630137,Demotion,No Punishment,Malenkov,Agronomist,Russian
106,365,Soviet Union,1922/12/30,1991-08-24,Communist Party of the Soviet Union (KPSS),Politburo/Presidium,"Rashidov, Sharaf Rashidovich",1917/11/06,1983/10/31,0,1961/10/31,1983/10/31,1961-10-31 00:00:00,1983-10-31 00:00:00,,,22.013698630136986,44.013698630136986,66.02739726027397,Death,,Andropov,Journalist,Uzbek
107,365,Soviet Union,1922/12/30,1991-08-24,Communist Party of the Soviet Union (KPSS),Politburo/Presidium,"Razumovsky, Georgiy Petrovich",1936/01/19,NaT,0,1988/02/18,1990/07/14,1988-02-18 00:00:00,1990-07-13 00:00:00,,,2.4027397260273973,52.11780821917808,54.52054794520548,Demotion,No Punishment,Gorbachev,Agronomist,Russian
108,365,Soviet Union,1922/12/30,1991-08-24,Communist Party of the Soviet Union (KPSS),Politburo/Presidium,"Romanov, Grigoriy Vasil'evich",1923/02/07,2008/06/03,0,1973/04/27,1985/07/01,1973-04-27 00:00:00,1976-03-05 00:00:00,1976-03-05 00:00:00,1985-07-01 00:00:00,12.186301369863013,50.25205479452055,62.43835616438356,Resignation,No Punishment,Gorbachev,Shipbuilding engineer,Russian
109,365,Soviet Union,1922/12/30,1991-08-24,Communist Party of the Soviet Union (KPSS),Politburo/Presidium,"Rubiks, Alfrēds",1935/09/24,NaT,0,1990/07/14,1991/08/24,,,1990-07-14 00:00:00,1991-08-24 00:00:00,1.1123287671232878,54.84109589041096,55.95342465753425,Regime Change,,,Party functionary,Latvian
110,365,Soviet Union,1922/12/30,1991-08-24,Communist Party of the Soviet Union (KPSS),Politburo/Presidium,"Rudzutak, Jānis Ernestovich",1887/08/15,1938/07/29,0,1923/04/26,1937/05/26,1923-04-26 00:00:00,1926-07-23 00:00:00,1926-07-23 00:00:00,1937-05-26 00:00:00,14.093150684931507,35.72054795,49.81369863,Expulsion,Execution,Stalin,Trade unionist,Latvian
111,365,Soviet Union,1922/12/30,1991-08-24,Communist Party of the Soviet Union (KPSS),Politburo/Presidium,"Rykov, Aleksey Ivanovich",1881/02/25,1938/03/15,0,1922/12/30,1930/12/21,,,1922-12-30 00:00:00,1930-12-31 00:00:00,7.980821917808219,41.87123288,49.85205479,Demotion,No Punishment,Stalin,Party functionary,Russian
112,365,Soviet Union,1922/12/30,1991-08-24,Communist Party of the Soviet Union (KPSS),Politburo/Presidium,"Ryzhkov, Nikolay Ivanovich",1929/09/28,NaT,0,1985/04/23,1990/07/14,,,1985-04-23 00:00:00,1990-07-14 00:00:00,5.227397260273973,55.605479452054794,60.83287671232877,Demotion,No Punishment,Gorbachev,Engineer,Ukrainian
113,365,Soviet Union,1922/12/30,1991-08-24,Communist Party of the Soviet Union (KPSS),Politburo/Presidium,"Saburov, Maksim Zakharovich",1900/02/02,1977/03/24,0,1952/10/16,1957/06/29,,,1952-10-16 00:00:00,1957-06-29 00:00:00,4.704109589041096,52.73972602739726,57.443835616438356,Expulsion,No Punishment,Khrushchev,Industrial administrator,Russian
114,365,Soviet Union,1922/12/30,1991-08-24,Communist Party of the Soviet Union (KPSS),Politburo/Presidium,"Semenova, Galina Vladimirovna",1937/08/24,2017/11/19,1,1990/07/14,1991/08/24,,,1990-07-14 00:00:00,1991-08-24 00:00:00,1.1123287671232878,52.92328767123288,54.035616438356165,Regime Change,,,Journalist,Russian
115,365,Soviet Union,1922/12/30,1991-08-24,Communist Party of the Soviet Union (KPSS),Politburo/Presidium,"Shcherbakov, Aleksandr Sergeevich",1901/10/10,1945/05/10,0,1941/02/21,1945/05/10,1941-02-21 00:00:00,1945-05-10 00:00:00,,,4.2164383561643834,39.394520547945206,43.61095890410959,Death,,Stalin,Party functionary,Russian
116,365,Soviet Union,1922/12/30,1991-08-24,Communist Party of the Soviet Union (KPSS),Politburo/Presidium,"Shcherbitsky, Vladimir Vasil'evich",1918/02/17,1990/02/16,0,1961/10/31,1963/12/13,1961-10-31 00:00:00,1963-12-13 00:00:00,,,2.117808219178082,43.73150684931507,45.84931506849315,Demotion,No Punishment,Khrushchev,Chemical engineer,Ukrainian
117,365,Soviet Union,1922/12/30,1991-08-24,Communist Party of the Soviet Union (KPSS),Politburo/Presidium,"Shcherbitsky, Vladimir Vasil'evich",1918/02/17,1990/02/16,0,1965/12/06,1989/09/20,1965-12-06 00:00:00,1971-04-09 00:00:00,1971-04-09 00:00:00,1989-09-20 00:00:00,23.805479452054794,47.83287671232877,71.63835616438357,Resignation,No Punishment,Gorbachev,Chemical engineer,Ukrainian
118,365,Soviet Union,1922/12/30,1991-08-24,Communist Party of the Soviet Union (KPSS),Politburo/Presidium,"Shelepin, Aleksandr Nikolaevich",1918/08/18,1994/10/24,0,1964/10/14,1975/04/16,,,1964-10-14 00:00:00,1975-04-16 00:00:00,10.509589041095891,46.18904109589041,56.6986301369863,Resignation,No Punishment,Brezhnev,Party functionary,Russian
119,365,Soviet Union,1922/12/30,1991-08-24,Communist Party of the Soviet Union (KPSS),Politburo/Presidium,"Shelest, Petro Yukhymovych",1908/02/14,1996/01/22,0,1963/12/13,1973/04/27,1963-12-13 00:00:00,1964-11-16 00:00:00,1964-11-16 00:00:00,1973-04-27 00:00:00,9.378082191780821,55.865753424657534,65.24383561643836,Resignation,No Punishment,Brezhnev,Metallurgical engineer,Ukrainian
120,365,Soviet Union,1922/12/30,1991-08-24,Communist Party of the Soviet Union (KPSS),Politburo/Presidium,"Shenin, Oleg Semyonovich",1937/07/22,2009/05/28,0,1990/07/14,1991/08/24,,,1990-07-14 00:00:00,1991-08-24 00:00:00,1.1123287671232878,53.013698630136986,54.12602739726027,Regime Change,,,Construction engineer,Russian
121,365,Soviet Union,1922/12/30,1991-08-24,Communist Party of the Soviet Union (KPSS),Politburo/Presidium,"Shepilov, Dmitri Trofimovich",1905/11/05,1995/08/18,0,1956/02/27,1957/06/29,1956-02-27 00:00:00,1957-06-29 00:00:00,,,1.336986301369863,50.345205479452055,51.68219178082192,Expulsion,No Punishment,Khrushchev,Prosecutor,Russian
122,365,Soviet Union,1922/12/30,1991-08-24,Communist Party of the Soviet Union (KPSS),Politburo/Presidium,"Shevardnadze, Eduard Ambrosiyevich",1928/01/25,2014/07/07,0,1978/11/27,1990/07/14,1978-11-27 00:00:00,1985-07-01 00:00:00,1985-07-01 00:00:00,1990-07-14 00:00:00,11.635616438356164,50.87397260273973,62.50958904109589,Demotion,No Punishment,Gorbachev,Party functionary,Georgian
123,365,Soviet Union,1922/12/30,1991-08-24,Communist Party of the Soviet Union (KPSS),Politburo/Presidium,"Shkiryatov, Matvei Fyodorovich",1883/08/03,1954/01/18,0,1952/10/16,1953/03/06,,,1952-10-16 00:00:00,1953-03-06 00:00:00,0.3863013698630137,69.25205479,69.63835616,Demotion,No Punishment,Malenkov,Party functionary,Russian
124,365,Soviet Union,1922/12/30,1991-08-24,Communist Party of the Soviet Union (KPSS),Politburo/Presidium,"Shvernik, Nikolai Mikhailovich",1888/05/19,1970/12/24,0,1939/03/22,1966/04/08,"3/22/39, 3/6/53","10/16/52, 6/29/57","10/16/52, 6/29/57","3/6/53, 4/8/66",27.065753424657533,50.8739726,77.93972603,Resignation,No Punishment,Brezhnev,Party functionary,Russian
125,365,Soviet Union,1922/12/30,1991-08-24,Communist Party of the Soviet Union (KPSS),Politburo/Presidium,"Sillari, Enn-Arno",1944/03/04,NaT,0,1990/07/14,1991/08/24,,,1990-07-14 00:00:00,1991-08-24 00:00:00,1.1123287671232878,46.391780821917806,47.50410958904109,Regime Change,,,Party functionary,Estonian
126,365,Soviet Union,1922/12/30,1991-08-24,Communist Party of the Soviet Union (KPSS),Politburo/Presidium,"Slyunkov, Nikolai Nikitich",1929/04/26,NaT,0,1986/03/06,1990/07/14,1986-03-06 00:00:00,1987-06-26 00:00:00,1987-06-26 00:00:00,1990-07-14 00:00:00,4.358904109589041,56.8986301369863,61.25753424657534,Demotion,No Punishment,Gorbachev,Economist,Belorussian
127,365,Soviet Union,1922/12/30,1991-08-24,Communist Party of the Soviet Union (KPSS),Politburo/Presidium,"Sokolnikov, Grigori Yakovlevich",1888/08/15,1939/05/21,0,1924/06/02,1926/01/01,1924-06-02 00:00:00,1926-01-01 00:00:00,,,1.5835616438356164,35.82191781,37.40547945,Demotion,No Punishment,Stalin,Economist,Jewish
128,365,Soviet Union,1922/12/30,1991-08-24,Communist Party of the Soviet Union (KPSS),Politburo/Presidium,"Sokolov, Sergey Leonidovich",1911/07/01,2012/08/31,0,1985/04/23,1991/08/24,1985-04-23 00:00:00,1986-03-06 00:00:00,1986-03-06 00:00:00,1991-08-24 00:00:00,6.33972602739726,73.86301369863014,80.2027397260274,Regime Change,,,Soldier,Russian
129,365,Soviet Union,1922/12/30,1991-08-24,Communist Party of the Soviet Union (KPSS),Politburo/Presidium,"Solomentsev, Mikhail Sergeevich",1913/11/07,2008/02/15,0,1971/11/23,1988/09/30,1971-11-23 00:00:00,1983-12-26 00:00:00,1983-12-26 00:00:00,1988-09-30 00:00:00,16.865753424657534,58.082191780821915,74.94794520547946,Resignation,No Punishment,Gorbachev,Industrial worker,Russian
130,365,Soviet Union,1922/12/30,1991-08-24,Communist Party of the Soviet Union (KPSS),Politburo/Presidium,"Solovyev, Yuriy Filippovich",1925/08/20,2011/10/02,0,1986/03/06,1989/09/20,1986-03-06 00:00:00,1989-09-20 00:00:00,,,3.5452054794520547,60.583561643835615,64.12876712328767,Resignation,No Punishment,Gorbachev,Construction engineer,Russian
131,365,Soviet Union,1922/12/30,1991-08-24,Communist Party of the Soviet Union (KPSS),Politburo/Presidium,"Stalin, Joseph Vissarionovich",1878/12/18,1953/03/05,0,1922/12/30,1953/03/05,,,1917-10-23 00:00:00,1953-03-05 00:00:00,30.2,44.0630137,74.2630137,Death,,Stalin,Party functionary,Georgian
132,365,Soviet Union,1922/12/30,1991-08-24,Communist Party of the Soviet Union (KPSS),Politburo/Presidium,"Stroyev, Yegor Semyonovich",1937/02/25,NaT,0,1990/07/14,1991/08/24,,,1990-07-14 00:00:00,1991-08-24 00:00:00,1.1123287671232878,53.416438356164385,54.52876712328767,Regime Change,,,Collective farm worker,Russian
133,365,Soviet Union,1922/12/30,1991-08-24,Communist Party of the Soviet Union (KPSS),Politburo/Presidium,"Suslov, Mikhail Andreyevich",1902/11/21,1982/01/25,0,1952/10/15,1953/03/06,,,1952-10-15 00:00:00,1953-03-06 00:00:00,0.38904109589041097,49.93424657534246,50.323287671232876,Demotion,No Punishment,Malenkov,Party functionary,Russian
134,365,Soviet Union,1922/12/30,1991-08-24,Communist Party of the Soviet Union (KPSS),Politburo/Presidium,"Suslov, Mikhail Andreyevich",1902/11/21,1982/01/25,0,1955/07/12,1982/01/25,,,1955-07-12 00:00:00,1982-01-25 00:00:00,26.55890410958904,52.673972602739724,79.23287671232876,Death,,Brezhnev,Party functionary,Russian
135,365,Soviet Union,1922/12/30,1991-08-24,Communist Party of the Soviet Union (KPSS),Politburo/Presidium,"Syrtsov, Sergey Ivanovich",1893/07/17,1937/09/10,0,1929/06/12,1930/12/01,1929-06-12 00:00:00,1930-12-01 00:00:00,,,1.4712328767123288,36.92876712,37.4,Expulsion,No Punishment,Stalin,Party functionary,Russian
136,365,Soviet Union,1922/12/30,1991-08-24,Communist Party of the Soviet Union (KPSS),Politburo/Presidium,"Talyzin, Nikolay Vladimirovich",1929/01/28,1991/01/23,0,1985/10/15,1989/09/20,1985-10-15 00:00:00,1989-09-20 00:00:00,,,3.9342465753424656,56.75068493150685,60.68493150684932,Resignation,No Punishment,Gorbachev,Engineer,Russian
137,365,Soviet Union,1922/12/30,1991-08-24,Communist Party of the Soviet Union (KPSS),Politburo/Presidium,"Tevosyan, Ivan Fedorovich",1902/01/04,1958/03/30,0,1952/10/16,1953/03/06,1952-10-16 00:00:00,1953-03-06 00:00:00,,,0.3863013698630137,50.81643835616438,51.202739726027396,Demotion,No Punishment,Malenkov,Factory engineer,Armenian
138,365,Soviet Union,1922/12/30,1991-08-24,Communist Party of the Soviet Union (KPSS),Politburo/Presidium,"Tikhonov, Nikolay Aleksandrovich",1905/05/14,1997/06/01,0,1978/11/27,1986/03/06,1978-11-27 00:00:00,1979-11-27 00:00:00,1979-11-27 00:00:00,1986-03-06 00:00:00,7.276712328767124,73.58904109589041,80.86575342465754,Resignation,No Punishment,Gorbachev,Technical engineer,Russian/Ukrainian
139,365,Soviet Union,1922/12/30,1991-08-24,Communist Party of the Soviet Union (KPSS),Politburo/Presidium,"Tomsky, Mikhail Pavlovich",1880/10/31,1936/08/22,0,1922/12/30,1930/07/13,,,1922-12-30 00:00:00,1930-07-13 00:00:00,7.53972602739726,42.19178082,49.73150685,Demotion,No Punishment,Stalin,Trade unionist,Russian
140,365,Soviet Union,1922/12/30,1991-08-24,Communist Party of the Soviet Union (KPSS),Politburo/Presidium,"Trotsky, Leon (Lev) Davidovich",1879/11/07,1940/08/21,0,1922/12/30,1926/10/23,,,1922-12-30 00:00:00,1926-10-23 00:00:00,3.8164383561643835,43.17534247,46.99178082,Expulsion,Exile,Stalin,Union organizer,Jewish
141,365,Soviet Union,1922/12/30,1991-08-24,Communist Party of the Soviet Union (KPSS),Politburo/Presidium,"Uglanov, Nikolay Aleksandrovich",1886/12/17,1937/05/31,0,1926/01/01,1929/04/29,1926-01-01 00:00:00,1929-04-29 00:00:00,,,3.326027397260274,39.06849315,42.39452055,Demotion,No Punishment,Stalin,Party functionary,Russian
142,365,Soviet Union,1922/12/30,1991-08-24,Communist Party of the Soviet Union (KPSS),Politburo/Presidium,"Ustinov, Dmitriy Fedorovich",1908/10/17,1984/12/20,0,1965/03/26,1984/12/20,1965-03-26 00:00:00,1976-03-05 00:00:00,1976-03-05 00:00:00,1984-12-20 00:00:00,19.75068493150685,56.47671232876712,76.22739726027397,Death,,Chernenko,Munitions factory worker,Russian
143,365,Soviet Union,1922/12/30,1991-08-24,Communist Party of the Soviet Union (KPSS),Politburo/Presidium,"Vlasor, Aleksandr Vladimirovich",1932/01/20,2002/06/09,0,1988/09/30,1990/07/14,1988-09-30 00:00:00,1990-07-14 00:00:00,,,1.7863013698630137,56.73424657534247,58.52054794520548,Demotion,No Punishment,Gorbachev,Metallurgical engineer,Russian
144,365,Soviet Union,1922/12/30,1991-08-24,Communist Party of the Soviet Union (KPSS),Politburo/Presidium,"Voronov, Gennadiy Ivanovich",1910/08/31,1994/04/01,0,1961/01/18,1973/04/27,1961-01-18 00:00:00,1961-10-31 00:00:00,1961-10-31 00:00:00,1973-04-27 00:00:00,12.27945205479452,50.41917808219178,62.6986301369863,Resignation,No Punishment,Brezhnev,Party functionary,Russian
145,365,Soviet Union,1922/12/30,1991-08-24,Communist Party of the Soviet Union (KPSS),Politburo/Presidium,"Voroshilov, Kliment Yefremovich",1881/02/04,1969/12/02,0,1926/01/01,1960/07/16,,,1926-01-01 00:00:00,1960-07-16 00:00:00,34.56164383561644,44.9369863,79.49863014,Resignation,No Punishment,Khrushchev,Worker,Russian
146,365,Soviet Union,1922/12/30,1991-08-24,Communist Party of the Soviet Union (KPSS),Politburo/Presidium,"Vorotnikov, Vitaliy Ivanovich",1926/01/20,2012/02/19,0,1983/12/26,1990/07/14,,,1983-12-26 00:00:00,1990-07-14 00:00:00,6.553424657534246,57.96986301369863,64.52328767123288,Demotion,No Punishment,Gorbachev,Fitter,Russian
147,365,Soviet Union,1922/12/30,1991-08-24,Communist Party of the Soviet Union (KPSS),Politburo/Presidium,"Voznesensky, Nikolay Alekseevich",1903/12/01,1950/10/01,0,1941/02/21,1949/03/07,1941-02-21 00:00:00,1947-02-26 00:00:00,1947-02-26 00:00:00,1949-03-07 00:00:00,8.043835616438356,37.25205479452055,45.295890410958904,Expulsion,Execution,Stalin,Economist,Russian
148,365,Soviet Union,1922/12/30,1991-08-24,Communist Party of the Soviet Union (KPSS),Politburo/Presidium,"Vyshinsky, Andrey Yanuarovich",1883/11/28,1954/11/22,0,1952/10/16,1953/03/06,1952-10-16 00:00:00,1953-03-06 00:00:00,,,0.3863013698630137,68.93150685,69.31780822,Demotion,No Punishment,Malenkov,Lawyer,Polish
149,365,Soviet Union,1922/12/30,1991-08-24,Communist Party of the Soviet Union (KPSS),Politburo/Presidium,"Yakovlev, Alexandr Nikolaevich",1923/12/02,2005/10/18,0,1987/01/28,1990/07/14,1987-01-28 00:00:00,1987-06-26 00:00:00,1987-06-26 00:00:00,1990-07-14 00:00:00,3.4602739726027396,63.2,66.66027397260274,Demotion,No Punishment,Gorbachev,Party functionary,Russian
150,365,Soviet Union,1922/12/30,1991-08-24,Communist Party of the Soviet Union (KPSS),Politburo/Presidium,"Yazov, Dmitriy Timofeevich",1924/11/08,2020/02/25,0,1987/06/26,1990/07/14,1987-06-26 00:00:00,1990-07-14 00:00:00,,,3.052054794520548,62.67123287671233,65.72328767123288,Demotion,No Punishment,Gorbachev,Soldier,Russian
151,365,Soviet Union,1922/12/30,1991-08-24,Communist Party of the Soviet Union (KPSS),Politburo/Presidium,"Yanaev, Gennadiy Ivanovich",1937/08/26,2010/09/24,0,1990/07/14,1991/01/31,,,1990-07-14 00:00:00,1991-01-31 00:00:00,0.5506849315068493,52.917808219178085,53.46849315068493,Demotion,No Punishment,Gorbachev,Trade unionist,Russian
152,365,Soviet Union,1922/12/30,1991-08-24,Communist Party of the Soviet Union (KPSS),Politburo/Presidium,"Yeltsin, Boris Nikolayevich",1931/02/01,2007/04/23,0,1986/02/18,1988/02/18,1986-02-18 00:00:00,1988-02-18 00:00:00,,,2.0,55.084931506849315,57.084931506849315,Resignation,No Punishment,Gorbachev,Construction engineer,Russian
153,365,Soviet Union,1922/12/30,1991-08-24,Communist Party of the Soviet Union (KPSS),Politburo/Presidium,"Yezhov, Nikolai Ivanovich",1895/05/01,1940/02/04,0,1937/10/12,1939/03/03,1937-10-12 00:00:00,1939-03-03 00:00:00,,,1.389041095890411,42.47945205,43.86849315,Expulsion,Execution,Stalin,Civil administrator,Russian
154,365,Soviet Union,1922/12/30,1991-08-24,Communist Party of the Soviet Union (KPSS),Politburo/Presidium,"Yudin, Pavel Fyodorovich",1899/08/26,1968/04/10,0,1952/10/16,1953/03/06,1952-10-16 00:00:00,1953-03-05 00:00:00,,,0.3863013698630137,53.17808219,53.56438356,Demotion,No Punishment,Malenkov,Lathe operator,Russian
155,365,Soviet Union,1922/12/30,1991-08-24,Communist Party of the Soviet Union (KPSS),Politburo/Presidium,"Zaykov, Lev Nikolaevich",1923/04/03,2002/01/07,0,1986/03/06,1990/07/14,,,1986-03-06 00:00:00,1990-07-14 00:00:00,4.358904109589041,62.967123287671235,67.32602739726028,Demotion,No Punishment,Gorbachev,Party functionary,Russian
156,365,Soviet Union,1922/12/30,1991-08-24,Communist Party of the Soviet Union (KPSS),Politburo/Presidium,"Zhdanov, Andrey Alexandrovich",1896/02/26,1948/08/31,0,1934/02/10,1948/08/31,1934-02-10 00:00:00,1939-02-22 00:00:00,1939-02-22 00:00:00,1948-08-31 00:00:00,14.564383561643835,37.98356164,52.54794521,Death,,Stalin,Party functionary,Russian
157,365,Soviet Union,1922/12/30,1991-08-24,Communist Party of the Soviet Union (KPSS),Politburo/Presidium,"Zhukov, Georgy Konstantinovich",1896/12/01,1974/06/18,0,1956/02/27,1957/10/29,,,,,1.6712328767123288,59.27945205,60.95068493,Expulsion,No Punishment,Khrushchev,Soldier,Russian
158,365,Soviet Union,1922/12/30,1991-08-24,Communist Party of the Soviet Union (KPSS),Politburo/Presidium,"Zinoviev, Grigoriy Yevseyevich",1883/09/23,1936/08/25,0,1922/12/30,1926/07/23,,,1917-10-23 00:00:00,1926-07-23 00:00:00,3.5643835616438357,39.29589041,42.86027397,Expulsion,No Punishment,Stalin,Party functionary,Jewish
159,365,Soviet Union,1922/12/30,1991-08-24,Communist Party of the Soviet Union (KPSS),Politburo/Presidium,"Zverev, Arseny Grigoryevich",1900/02/19,1969/07/27,0,1952/10/16,1953/03/06,1952-10-16 00:00:00,1953-03-06 00:00:00,,,0.3863013698630137,52.69315068493151,53.07945205479452,Demotion,No Punishment,Malenkov,Economist,Russian
